episode,epsilon,steps,global_step,team_return,shaped_team_return,agent_returns,shaped_agent_returns,total_power,total_risk_events,total_movement_distance,total_wasted_move,total_goal_completions,final_mean_aoi
1,0.9505,100,600,-1652.834716796875,-1664.51611328125,"[-1933.392578125, -1372.2769775390625]","[-1941.1396484375, -1387.8927001953125]",2.1085384456673637,4,244.12271982431412,58.63896582861808,11,8.3
2,0.9406,100,700,-1203.712646484375,-1216.820068359375,"[-1173.66064453125, -1233.7646484375]","[-1197.94189453125, -1235.6983642578125]",1.9460502573347185,1,217.69434684515,98.86988102122821,16,9.7
3,0.9307,100,800,-1139.853271484375,-1163.494384765625,"[-1175.256591796875, -1104.4498291015625]","[-1207.36669921875, -1119.6220703125]",2.2110133909154683,0,180.76907867193222,114.50592292962037,12,7.9
4,0.9208,100,900,-1089.022705078125,-1118.002685546875,"[-1137.132080078125, -1040.913330078125]","[-1172.150390625, -1063.8548583984375]",2.003690593293868,0,171.6203723922372,137.14765242912807,15,6.4
5,0.9109,100,1000,-1133.74365234375,-1156.45654296875,"[-1123.217041015625, -1144.2703857421875]","[-1155.8052978515625, -1157.1077880859375]",1.6045743172289804,0,178.36413457989693,124.71131581124084,19,8.4
6,0.901,100,1100,-1095.740478515625,-1126.93603515625,"[-1052.146728515625, -1139.3343505859375]","[-1089.599365234375, -1164.2725830078125]",1.4725624278362375,0,154.58800411224365,150.7703843363234,9,9.2
7,0.8911,100,1200,-1382.2113037109375,-1408.378173828125,"[-1188.99609375, -1575.426513671875]","[-1222.2960205078125, -1594.4603271484375]",1.5416453869547695,1,186.28409299254417,126.0596945521911,12,12.3
8,0.8812,100,1300,-2075.103759765625,-2117.622314453125,"[-2265.013427734375, -1885.1939697265625]","[-2311.2294921875, -1924.01513671875]",1.351613619364798,2,175.8878084719181,162.64492374594857,5,18.6
9,0.8713,100,1400,-2266.828857421875,-2293.27978515625,"[-1956.2373046875, -2577.42041015625]","[-1994.96533203125, -2591.594482421875]",1.0245146690285765,4,198.12558811903,115.03669705499792,9,19.2
10,0.8613999999999999,100,1500,-2104.9814453125,-2119.940185546875,"[-1946.9638671875, -2262.998779296875]","[-1971.4808349609375, -2268.399658203125]",0.49592498075799085,3,218.6912063062191,86.01539786772558,6,26.4
11,0.8515,100,1600,-2571.68994140625,-2601.54150390625,"[-2465.275146484375, -2678.1044921875]","[-2498.11181640625, -2704.971435546875]",0.6407571784802713,0,193.90825620293617,133.025071263175,3,41.3
12,0.8416,100,1700,-3438.84765625,-3473.72802734375,"[-3105.513427734375, -3772.181640625]","[-3164.147705078125, -3783.30859375]",0.363794844946824,2,201.15220841765404,136.60270148143246,1,49.1
13,0.8317,100,1800,-3415.71533203125,-3445.3251953125,"[-3373.3916015625, -3458.0390625]","[-3420.564453125, -3470.086181640625]",0.21126498759258538,0,211.076966881752,124.70855293137959,0,62.8
14,0.8218,100,1900,-3751.57470703125,-3776.315185546875,"[-3573.10888671875, -3930.04052734375]","[-3607.037109375, -3945.59326171875]",0.16470622981432825,1,217.13260640203953,113.3796451110652,1,71.5
15,0.8119000000000001,100,2000,-3869.00244140625,-3895.4072265625,"[-3690.26123046875, -4047.743896484375]","[-3733.330810546875, -4057.4833984375]",0.1876168317394331,3,214.89065685868263,110.44629243796136,1,55.0
16,0.802,100,2100,-3894.27490234375,-3924.114990234375,"[-3876.556396484375, -3911.9931640625]","[-3911.908935546875, -3936.321044921875]",0.12870030029444024,0,200.93830275535583,113.05364756648078,3,51.6
17,0.7921,100,2200,-4614.95849609375,-4650.3076171875,"[-4600.70068359375, -4629.21630859375]","[-4639.259765625, -4661.35546875]",0.057031855918467045,0,196.20498889684677,130.715572559796,0,77.6
18,0.7822,100,2300,-4837.4990234375,-4876.810546875,"[-4835.5, -4839.49853515625]","[-4885.98095703125, -4867.640625]",0.007997384294867516,0,195.1006431877613,149.60131068111673,0,94.8
19,0.7723,100,2400,-4940.69921875,-4968.02685546875,"[-5228.40087890625, -4652.9970703125]","[-5256.79296875, -4679.2607421875]",0.049196502775885165,2,201.6892580538988,103.47977954365409,0,93.0
20,0.7624,100,2500,-4946.9951171875,-4979.140625,"[-4944.69970703125, -4949.2900390625]","[-4982.50146484375, -4975.779296875]",0.009180954657495022,0,189.52547678351402,128.37062493645874,0,97.3
21,0.7525,100,2600,-4556.95458984375,-4584.765625,"[-4553.29931640625, -4560.60986328125]","[-4577.60107421875, -4591.9306640625]",0.01462057011667639,0,214.87461617588997,109.41791682471634,0,81.2
22,0.7425999999999999,100,2700,-4648.85107421875,-4686.8505859375,"[-4649.7509765625, -4647.951171875]","[-4698.095703125, -4675.60546875]",0.0049948314554058015,0,171.1208731085062,154.73584859529865,1,91.3
23,0.7326999999999999,100,2800,-4941.1875,-4977.109375,"[-4936.09716796875, -4946.2783203125]","[-4972.94921875, -4981.27001953125]",0.020362213253974915,0,175.30768021941185,138.65345415018166,0,93.0
24,0.7228,100,2900,-4715.9443359375,-4747.7861328125,"[-4858.302734375, -4573.5859375]","[-4894.65478515625, -4600.91796875]",0.03056761110201478,1,183.62035235762596,129.3063145919682,0,85.3
25,0.7129000000000001,100,3000,-4899.15478515625,-4932.32861328125,"[-4898.30322265625, -4900.00634765625]","[-4935.76416015625, -4928.89306640625]",0.003406804520636797,0,195.93808686733246,124.43192817164162,0,95.7
26,0.7030000000000001,100,3100,-4933.767578125,-4958.2421875,"[-4932.302734375, -4935.23291015625]","[-4949.16162109375, -4967.3232421875]",0.005861669313162565,0,198.2939169704914,113.18269922916956,1,91.7
27,0.6931,100,3200,-5299.0,-5330.3583984375,"[-5449.0, -5149.0]","[-5483.01513671875, -5177.70166015625]",0.0,1,188.97932347655296,125.85010301928156,0,100.0
28,0.6832,100,3300,-5094.609375,-5119.376953125,"[-5092.10009765625, -5097.1181640625]","[-5112.74462890625, -5126.009765625]",0.01003654208034277,0,190.2416042238474,108.76708242066704,0,90.6
29,0.6733,100,3400,-4859.2080078125,-4892.0185546875,"[-4853.40087890625, -4865.0146484375]","[-4888.0693359375, -4895.96826171875]",0.023227474885061383,0,171.95681643486023,132.92472148236646,1,95.5
30,0.6634,100,3500,-4956.6279296875,-4985.32421875,"[-4954.09765625, -4959.15869140625]","[-4985.01123046875, -4985.63671875]",0.01012266892939806,0,208.03014901280403,100.44600406772598,0,97.5
31,0.6535,100,3600,-4711.4375,-4743.79638671875,"[-4703.1005859375, -4719.7744140625]","[-4719.55029296875, -4768.04248046875]",0.033347410848364234,0,203.74433702230453,124.55550590824333,0,81.7
32,0.6436,100,3700,-5200.6875,-5229.7119140625,"[-5499.70068359375, -4901.673828125]","[-5521.00146484375, -4938.42236328125]",0.0039499434642493725,2,215.8551269173622,105.4570947567338,0,95.8
33,0.6336999999999999,100,3800,-5346.21142578125,-5367.87646484375,"[-5642.30126953125, -5050.12158203125]","[-5648.78662109375, -5086.96630859375]",0.01564141921699047,2,211.6684689372778,87.35189939195982,0,91.2
34,0.6238,100,3900,-5055.9521484375,-5076.63671875,"[-5201.3037109375, -4910.60009765625]","[-5214.904296875, -4938.36962890625]",0.018592651933431625,1,220.97055459022522,80.14662490446091,0,94.2
35,0.6139,100,4000,-5236.5107421875,-5251.9287109375,"[-5536.09716796875, -4936.92431640625]","[-5543.40625, -4960.451171875]",0.0016542638186365366,2,236.7232859134674,63.988906043064446,0,93.0
36,0.604,100,4100,-5166.669921875,-5194.3955078125,"[-5313.10009765625, -5020.2392578125]","[-5334.22705078125, -5054.5634765625]",0.014278227463364601,1,217.38466161489487,93.81032955488364,0,91.6
37,0.5941000000000001,100,4200,-4798.34765625,-4818.47265625,"[-4789.9970703125, -4806.69775390625]","[-4810.197265625, -4826.748046875]",0.03340084810042754,2,218.66282218694687,80.2437185668703,0,75.7
38,0.5842,100,4300,-4513.5078125,-4540.2119140625,"[-4645.99755859375, -4381.0185546875]","[-4659.5791015625, -4420.8447265625]",0.07004040526226163,1,210.59345307946205,105.5596071103212,0,82.8
39,0.5743,100,4400,-4776.7841796875,-4799.6474609375,"[-4764.60205078125, -4788.9658203125]","[-4778.044921875, -4821.25048828125]",0.048727011308074,0,204.21863436698914,92.65940566287325,0,87.9
40,0.5644,100,4500,-5449.0,-5471.6669921875,"[-5749.0, -5149.0]","[-5761.2392578125, -5182.0947265625]",0.0,2,206.50693371891975,89.83428418202881,0,100.0
41,0.5545,100,4600,-4903.83203125,-4929.685546875,"[-4899.69970703125, -4907.96435546875]","[-4925.20556640625, -4934.166015625]",0.016529111191630363,0,201.56922444701195,95.36530245433063,0,94.3
42,0.5446,100,4700,-4696.3408203125,-4726.18310546875,"[-4971.50146484375, -4421.18017578125]","[-4995.62158203125, -4456.74462890625]",0.09936010651290417,2,190.61733371019363,117.74914225735702,0,81.3
43,0.5347,100,4800,-4804.29931640625,-4820.796875,"[-4775.40185546875, -4833.19677734375]","[-4789.88330078125, -4851.7099609375]",0.11558994650840759,0,221.4538992345333,76.00294275667483,0,90.2
44,0.5248,100,4900,-5075.0966796875,-5096.35693359375,"[-5333.49951171875, -4816.693359375]","[-5345.60009765625, -4847.11376953125]",0.16638717707246542,2,207.8422710299492,96.11873779721151,0,81.7
45,0.5149,100,5000,-4592.86083984375,-4615.21875,"[-4988.396484375, -4197.3251953125]","[-5001.71533203125, -4228.7216796875]",0.21785095147788525,3,208.35764828324318,87.49411364584802,0,73.7
46,0.505,100,5100,-3997.82666015625,-4020.822509765625,"[-3921.801025390625, -4073.852294921875]","[-3936.9482421875, -4104.69677734375]",0.30889894743449986,0,214.44416226446629,86.05638205636089,0,70.2
47,0.4951,100,5200,-4276.3984375,-4301.017578125,"[-4365.19970703125, -4187.5966796875]","[-4390.0712890625, -4211.96337890625]",0.24479437450645491,1,209.8645756840706,73.59104160299209,0,72.0
48,0.48519999999999996,100,5300,-4570.6474609375,-4582.916015625,"[-4211.29931640625, -4929.99560546875]","[-4228.115234375, -4937.71728515625]",0.23739439700148068,2,228.85026568174362,57.23027365368331,0,78.1
49,0.47529999999999994,100,5400,-4367.76171875,-4382.3740234375,"[-4232.298828125, -4503.224609375]","[-4242.98974609375, -4521.75830078125]",0.5418523561675102,0,213.8719874471426,81.7346779070469,8,72.2
50,0.4653999999999999,100,5500,-4301.7880859375,-4323.150390625,"[-3977.2001953125, -4626.3759765625]","[-3990.464111328125, -4655.8369140625]",0.6983520920039155,1,210.2566692829132,87.98963145617589,6,74.6
51,0.4555,100,5600,-3855.404541015625,-3875.62255859375,"[-3669.2001953125, -4041.60888671875]","[-3676.1328125, -4075.1123046875]",0.7448168834671378,0,209.39506575465202,87.93089481100907,1,68.1
52,0.4456,100,5700,-4497.234375,-4508.45947265625,"[-4981.89990234375, -4012.568603515625]","[-4989.1455078125, -4027.773193359375]",0.46133662172360346,4,240.89709439873695,60.638304477130646,3,67.7
53,0.4357000000000001,100,5800,-4406.75,-4431.3203125,"[-4761.9990234375, -4051.5009765625]","[-4770.73681640625, -4091.9033203125]",0.37900139775592834,3,200.31943637132645,94.68932234702243,1,74.8
54,0.42580000000000007,100,5900,-4073.848388671875,-4097.146484375,"[-4244.19970703125, -3903.4970703125]","[-4248.90087890625, -3945.392578125]",0.5185942631214857,2,203.7267929315567,104.71370294449883,2,68.9
55,0.41590000000000005,100,6000,-3904.8388671875,-3927.3447265625,"[-3627.2001953125, -4182.4775390625]","[-3639.720947265625, -4214.96826171875]",0.5105541888042353,1,200.1470464169979,94.63434568643069,0,64.5
56,0.406,100,6100,-3727.724365234375,-3748.228271484375,"[-3593.999755859375, -3861.448974609375]","[-3609.45751953125, -3886.9990234375]",0.5348981719289441,0,211.10611194372177,87.66517842356566,1,71.0
57,0.3961,100,6200,-3648.995361328125,-3678.05126953125,"[-3514.201171875, -3783.78955078125]","[-3537.67529296875, -3818.42724609375]",0.5391793260350823,0,205.60812976956367,109.97392121733543,0,62.2
58,0.3862,100,6300,-3591.5625,-3613.23486328125,"[-3459.899658203125, -3723.225341796875]","[-3475.607421875, -3750.862060546875]",0.5266521912126336,0,207.62442737817764,99.43817368889945,0,66.8
59,0.37629999999999997,100,6400,-3568.2314453125,-3588.54296875,"[-3427.499267578125, -3708.9638671875]","[-3451.461181640625, -3725.62451171875]",0.5629271162324585,0,220.71648371219635,84.23899740159527,4,64.7
60,0.36639999999999995,100,6500,-3602.0439453125,-3627.916259765625,"[-3339.800048828125, -3864.287841796875]","[-3369.633544921875, -3886.198974609375]",0.44897527707507834,1,198.26633182168007,112.31242581936455,11,61.6
61,0.35650000000000004,100,6600,-3645.298583984375,-3666.58984375,"[-3633.499755859375, -3657.097412109375]","[-3658.66748046875, -3674.51220703125]",0.6471947106765583,1,196.0437737107277,103.45549417419079,10,62.7
62,0.3466,100,6700,-3625.95068359375,-3635.45361328125,"[-3474.400146484375, -3777.501220703125]","[-3480.399658203125, -3790.5078125]",0.6062036633666139,0,221.2686647772789,78.49831134423013,14,62.3
63,0.3367,100,6800,-3699.087646484375,-3710.76416015625,"[-3443.10009765625, -3955.0751953125]","[-3452.58203125, -3968.946044921875]",0.4239501807023771,1,231.03434035182,61.953711729650166,0,62.8
64,0.3268,100,6900,-3311.900634765625,-3332.451171875,"[-3137.3994140625, -3486.40185546875]","[-3153.614990234375, -3511.287353515625]",0.6980038394394796,0,189.31542366743088,84.94432680386349,3,58.9
65,0.31690000000000007,100,7000,-4011.58740234375,-4033.60888671875,"[-4319.90087890625, -3703.273681640625]","[-4331.39697265625, -3735.820556640625]",0.5667480265256017,3,194.3630554974079,103.5054586832365,9,61.2
66,0.30700000000000005,100,7100,-3232.4658203125,-3255.827880859375,"[-3092.80029296875, -3372.13134765625]","[-3113.486572265625, -3398.169189453125]",0.5586631002952345,0,188.35022896528244,95.49896208137599,4,52.5
67,0.29710000000000003,100,7200,-3917.86328125,-3939.783935546875,"[-4078.099853515625, -3757.62646484375]","[-4093.4951171875, -3786.07275390625]",0.5590520820114762,2,206.88672150671482,98.26873838087286,3,65.1
68,0.2872,100,7300,-3636.84765625,-3654.7998046875,"[-3815.399658203125, -3458.2958984375]","[-3835.22119140625, -3474.378173828125]",0.4857913810410537,2,198.88616114854813,91.62108847531809,6,59.9
69,0.2773,100,7400,-3975.646484375,-4003.921875,"[-3852.899658203125, -4098.39306640625]","[-3876.679443359375, -4131.1640625]",0.4909860256011598,4,195.21565598249435,116.9596639043398,1,63.9
70,0.26739999999999997,100,7500,-3387.355224609375,-3424.966064453125,"[-3271.299560546875, -3503.410888671875]","[-3292.903564453125, -3557.028564453125]",0.48421946074813604,0,178.33470484614372,148.7806729530305,1,62.2
71,0.25750000000000006,100,7600,-3555.90087890625,-3576.689697265625,"[-3412.7001953125, -3699.101806640625]","[-3434.255615234375, -3719.123779296875]",0.5728047389420681,0,197.01102763414383,114.90398912191978,14,61.6
72,0.24760000000000004,100,7700,-3478.0458984375,-3504.87158203125,"[-3371.408935546875, -3584.6826171875]","[-3393.62548828125, -3616.11767578125]",0.4597818869515322,0,194.230433344841,139.63804777975196,13,63.8
73,0.23770000000000002,100,7800,-3585.0234375,-3604.07470703125,"[-3460.800048828125, -3709.2470703125]","[-3479.259765625, -3728.889404296875]",0.4968945731234271,0,207.2462416291237,79.92909357208633,1,58.3
74,0.2278,100,7900,-3709.46435546875,-3727.43603515625,"[-3465.99951171875, -3952.92919921875]","[-3483.539794921875, -3971.33203125]",0.3738597301999107,1,221.0013183951378,83.90528501061499,3,61.9
75,0.21789999999999998,100,8000,-3251.143310546875,-3284.064208984375,"[-3105.111328125, -3397.17529296875]","[-3147.74609375, -3420.38232421875]",0.6045744417351671,0,177.83083498477936,136.41769857060743,2,49.6
76,0.20799999999999996,100,8100,-3721.81640625,-3741.0888671875,"[-3616.19921875, -3827.433349609375]","[-3647.671142578125, -3834.5068359375]",0.4424645247927401,2,199.7971996665001,87.99394087784096,5,56.8
77,0.19809999999999994,100,8200,-3532.27001953125,-3562.71728515625,"[-3428.699951171875, -3635.83984375]","[-3451.105224609375, -3674.3291015625]",0.48867851472459733,0,181.907442599535,133.5403264250194,6,66.3
78,0.18820000000000003,100,8300,-3692.11669921875,-3713.37841796875,"[-3750.331298828125, -3633.90185546875]","[-3773.159912109375, -3653.596923828125]",0.3928668105218094,1,203.0554392337799,114.84466272119396,11,63.5
79,0.17830000000000001,100,8400,-3300.068359375,-3327.480712890625,"[-3201.159423828125, -3398.977294921875]","[-3219.48828125, -3435.47314453125]",0.49947228940436617,0,192.20325925946236,115.27916036550602,2,54.0
80,0.1684,100,8500,-3692.190185546875,-3721.6484375,"[-3766.264404296875, -3618.115966796875]","[-3783.077880859375, -3660.21923828125]",0.3167602293542586,1,188.62877237796783,122.96449077858492,1,58.8
81,0.15849999999999997,100,8600,-3528.21044921875,-3570.12353515625,"[-3439.550537109375, -3616.870361328125]","[-3467.619140625, -3672.628173828125]",0.48924310301663354,0,160.14420759677887,179.14552808552259,8,64.9
82,0.14860000000000007,100,8700,-3616.4384765625,-3626.343017578125,"[-3165.685546875, -4067.191650390625]","[-3178.55908203125, -4074.126953125]",0.7017546135466546,2,254.20791864395142,66.08168086057336,13,54.2
83,0.13870000000000005,100,8800,-3458.87109375,-3478.657470703125,"[-3540.025390625, -3377.716796875]","[-3551.253662109375, -3406.061279296875]",0.36108494686777703,1,205.92238914966583,87.9402446081928,3,61.9
84,0.12880000000000003,100,8900,-3782.318115234375,-3807.53857421875,"[-4015.9169921875, -3548.71923828125]","[-4024.318115234375, -3590.75927734375]",0.46327052917331457,2,196.3515260219574,105.29028926206306,7,62.1
85,0.1189,100,9000,-3822.431640625,-3840.44482421875,"[-4255.765625, -3389.09765625]","[-4248.845703125, -3432.044189453125]",0.4605267289443873,3,194.96530655026436,103.76432105773894,16,62.7
86,0.10899999999999999,100,9100,-3625.831298828125,-3649.73974609375,"[-3879.626953125, -3372.03564453125]","[-3899.8935546875, -3399.586181640625]",0.49532654639915563,2,202.63392566144466,111.16958308519528,11,65.2
87,0.09909999999999997,100,9200,-3518.09521484375,-3536.189697265625,"[-3646.987060546875, -3389.20361328125]","[-3651.822998046875, -3420.556396484375]",0.5295802846376318,1,212.05495059490204,112.3634244984425,19,63.4
88,0.08919999999999995,100,9300,-3589.1025390625,-3612.30517578125,"[-3843.7314453125, -3334.4736328125]","[-3848.991943359375, -3375.6181640625]",0.6840097482199781,2,196.190565854311,102.05284932500518,5,57.0
89,0.07929999999999993,100,9400,-3730.833251953125,-3758.926025390625,"[-3850.2353515625, -3611.43115234375]","[-3872.746337890625, -3645.105712890625]",0.9885347042581998,0,199.79206490516663,114.23936928761401,1,65.3
90,0.06940000000000002,100,9500,-3531.369140625,-3561.1962890625,"[-3532.62744140625, -3530.111083984375]","[-3554.621826171875, -3567.7705078125]",0.8406770073343068,0,180.13340279459953,126.81052489461285,3,52.4
91,0.0595,100,9600,-3542.18408203125,-3569.743896484375,"[-3573.927490234375, -3510.44091796875]","[-3604.853271484375, -3534.634521484375]",0.7963381999870762,0,187.30007445812225,122.4527814182203,6,61.3
92,0.04960000000000009,100,9700,-3819.98193359375,-3834.8427734375,"[-3336.754638671875, -4303.208984375]","[-3352.145263671875, -4317.5400390625]",1.4991282368428074,2,223.34291678667068,59.65901964681494,0,61.7
93,0.03970000000000007,100,9800,-3151.4931640625,-3167.96435546875,"[-2950.207275390625, -3352.779296875]","[-2968.79296875, -3367.1357421875]",1.1131747243343852,1,213.3993718624115,72.7416333731243,2,50.8
94,0.02980000000000005,100,9900,-3178.9150390625,-3197.91796875,"[-3102.987060546875, -3254.8427734375]","[-3114.194091796875, -3281.64208984375]",1.1280603086925112,0,208.35801702737808,77.40963882608212,0,52.1
95,0.01990000000000003,100,10000,-3141.857421875,-3165.4833984375,"[-2959.10546875, -3324.609130859375]","[-2972.43896484375, -3358.528076171875]",1.044628587551415,1,203.5846770107746,93.5990096164603,0,42.7
96,0.010000000000000009,100,10100,-2961.9404296875,-2984.907470703125,"[-2968.694580078125, -2955.1865234375]","[-2986.56884765625, -2983.24609375]",1.1053639195451979,0,184.22427733242512,119.01955868962318,7,48.3
97,0.010000000000000009,100,10200,-2928.94287109375,-2948.86572265625,"[-2952.7978515625, -2905.087646484375]","[-2966.103515625, -2931.6279296875]",0.9073721435270272,0,199.2627850174904,98.80735146793197,7,51.5
98,0.010000000000000009,100,10300,-2755.7314453125,-2784.52783203125,"[-2780.595947265625, -2730.86669921875]","[-2795.592041015625, -2773.46337890625]",0.9381247227429412,0,187.93508583307266,122.55326401706907,5,48.9
99,0.010000000000000009,100,10400,-3106.705078125,-3131.53955078125,"[-3174.084228515625, -3039.32568359375]","[-3178.370849609375, -3084.7080078125]",1.374418825347675,1,183.38283348083496,110.90888332043437,9,50.4
100,0.010000000000000009,100,10500,-2741.56298828125,-2761.518310546875,"[-2728.794677734375, -2754.3310546875]","[-2745.514404296875, -2777.522216796875]",1.1482508072804194,0,199.23318161070347,91.60090789205293,10,45.8
101,0.010000000000000009,100,10600,-2502.89501953125,-2526.859375,"[-2439.42041015625, -2566.369873046875]","[-2445.8984375, -2607.8203125]",1.3519805715186521,0,152.5988089889288,159.44759898114523,33,38.3
102,0.010000000000000009,100,10700,-2273.14599609375,-2301.0126953125,"[-2209.1328125, -2337.159423828125]","[-2218.6357421875, -2383.389892578125]",1.4029844984179363,0,155.43004623800516,129.90580813873203,8,36.3
103,0.010000000000000009,100,10800,-2753.72998046875,-2778.40576171875,"[-2758.91650390625, -2748.543212890625]","[-2770.013427734375, -2786.79833984375]",1.3389187909197062,0,202.686733558774,102.81676598065133,1,45.2
104,0.010000000000000009,100,10900,-2719.586669921875,-2747.70361328125,"[-2729.814208984375, -2709.359130859375]","[-2748.822998046875, -2746.583984375]",1.3783467017346993,0,173.50541469454765,118.99077499435394,5,44.0
105,0.010000000000000009,100,11000,-2410.269775390625,-2431.52490234375,"[-2441.9365234375, -2378.60302734375]","[-2458.37109375, -2404.678955078125]",1.3246787960233632,0,219.31347781419754,89.08049665165464,7,25.9
106,0.010000000000000009,100,11100,-2378.1103515625,-2404.1748046875,"[-2355.35205078125, -2400.86865234375]","[-2376.734619140625, -2431.614990234375]",1.0928410846972838,0,186.48475144058466,106.29203338478358,2,39.8
107,0.010000000000000009,100,11200,-2384.39208984375,-2402.91162109375,"[-2348.1328125, -2420.651123046875]","[-2363.030517578125, -2442.79296875]",1.4631663945619948,0,153.99317367374897,113.10181030789961,17,34.7
108,0.010000000000000009,100,11300,-2499.1875,-2527.568359375,"[-2431.4853515625, -2566.8896484375]","[-2454.395263671875, -2600.7412109375]",1.531949396186974,0,169.54146140813828,147.55447256890457,18,33.9
109,0.010000000000000009,100,11400,-2458.2470703125,-2482.486083984375,"[-2407.492431640625, -2509.001953125]","[-2410.506103515625, -2554.466064453125]",1.3729881217586808,0,175.60998930037022,124.60807534280605,11,39.5
110,0.010000000000000009,100,11500,-2525.333984375,-2562.356689453125,"[-2643.81591796875, -2406.852294921875]","[-2663.59130859375, -2461.1220703125]",1.2489378489553928,1,154.95201809704304,149.58008229301953,1,38.7
111,0.010000000000000009,100,11600,-2312.201904296875,-2341.876953125,"[-2266.93359375, -2357.47021484375]","[-2281.59326171875, -2402.16064453125]",1.2896081723738462,0,175.41220033168793,151.30433177779548,13,33.9
112,0.010000000000000009,100,11700,-2022.38232421875,-2053.63232421875,"[-1964.3614501953125, -2080.403076171875]","[-1987.853759765625, -2119.41064453125]",1.175129176583141,0,161.23952375352383,150.96365255398615,12,28.2
113,0.010000000000000009,100,11800,-2459.412109375,-2480.21875,"[-2459.078125, -2459.745849609375]","[-2460.703369140625, -2499.734375]",1.5932489320402965,1,159.64356151223183,131.62894372676635,24,34.6
114,0.010000000000000009,100,11900,-1736.5052490234375,-1769.65185546875,"[-1715.9705810546875, -1757.0399169921875]","[-1733.0582275390625, -1806.2454833984375]",1.284821200883016,0,124.0421900600195,164.11548872585325,17,21.6
115,0.010000000000000009,100,12000,-2259.35595703125,-2284.69921875,"[-2340.2568359375, -2178.455078125]","[-2362.1396484375, -2207.259033203125]",1.1518236926058307,1,185.0311435163021,105.89981524549094,5,26.9
116,0.010000000000000009,100,12100,-1970.8662109375,-1991.957275390625,"[-1907.82666015625, -2033.9058837890625]","[-1924.668701171875, -2059.245849609375]",1.353064663009718,0,181.10107868909836,89.1755005503689,2,23.1
117,0.010000000000000009,100,12200,-1850.64306640625,-1883.984130859375,"[-1712.384765625, -1988.9014892578125]","[-1739.3116455078125, -2028.6566162109375]",1.4457724433159456,0,148.499593436718,132.82898797382512,1,18.8
118,0.010000000000000009,100,12300,-1916.827880859375,-1943.43798828125,"[-1768.9388427734375, -2064.716796875]","[-1803.125244140625, -2083.750732421875]",1.623711728490889,0,166.38459166884422,112.38913897989838,5,15.9
119,0.010000000000000009,100,12400,-1580.07421875,-1623.9022216796875,"[-1516.3447265625, -1643.8038330078125]","[-1557.884521484375, -1689.919921875]",1.4046971236821264,0,108.07071775943041,189.77460414014047,6,16.8
120,0.010000000000000009,100,12500,-1663.304443359375,-1696.0469970703125,"[-1534.350341796875, -1792.2584228515625]","[-1566.742919921875, -1825.35107421875]",1.6472175284288824,0,127.54305243492126,167.77133175038193,17,22.4
121,0.010000000000000009,100,12600,-1898.06494140625,-1915.0728759765625,"[-1852.97607421875, -1943.1536865234375]","[-1870.29736328125, -1959.848388671875]",1.2898589649703354,0,171.5533609688282,120.02132830538471,24,24.0
122,0.010000000000000009,100,12700,-1748.7923583984375,-1764.2066650390625,"[-1613.9638671875, -1883.620849609375]","[-1622.770263671875, -1905.64306640625]",1.5059699655976146,0,157.80342108011246,134.5573977827264,32,29.4
123,0.010000000000000009,100,12800,-2358.11962890625,-2384.491455078125,"[-1931.1846923828125, -2785.054443359375]","[-1962.07275390625, -2806.91015625]",1.922878082608804,2,163.4503697156906,129.20450448739183,7,27.2
124,0.010000000000000009,100,12900,-1798.888427734375,-1832.3216552734375,"[-1586.209716796875, -2011.5672607421875]","[-1607.166259765625, -2057.47705078125]",1.4979538468178362,1,143.04943684488535,134.70534832005873,3,22.9
125,0.010000000000000009,100,13000,-2266.7216796875,-2292.379638671875,"[-1861.7578125, -2671.685791015625]","[-1892.8992919921875, -2691.85986328125]",1.8348856723168865,2,145.57645657658577,132.3841107820754,12,24.4
126,0.010000000000000009,100,13100,-2313.860107421875,-2336.05615234375,"[-2121.907470703125, -2505.812744140625]","[-2158.421142578125, -2513.69140625]",2.005040531978011,2,137.48529989272356,133.52380840205458,20,25.6
127,0.010000000000000009,100,13200,-1947.6666259765625,-1968.281982421875,"[-1545.15869140625, -2350.174560546875]","[-1575.4835205078125, -2361.08056640625]",1.8778665252029896,2,149.0323430597782,128.36896567630714,22,20.6
128,0.010000000000000009,100,13300,-2229.6669921875,-2246.8427734375,"[-2158.70166015625, -2300.632080078125]","[-2185.17724609375, -2308.508056640625]",1.5914679933339357,4,167.3932362794876,109.39984504793954,20,17.8
129,0.010000000000000009,100,13400,-1824.2789306640625,-1850.1148681640625,"[-1445.358154296875, -2203.19970703125]","[-1469.253173828125, -2230.9765625]",1.8195154652930796,1,140.7436244180426,142.34359462359023,20,20.3
130,0.010000000000000009,100,13500,-2015.6827392578125,-2034.6787109375,"[-1855.015625, -2176.349853515625]","[-1874.501220703125, -2194.856201171875]",1.471530782058835,0,179.16474737226963,88.09101011365468,6,23.9
131,0.010000000000000009,100,13600,-2329.9697265625,-2354.636474609375,"[-1599.018310546875, -3060.921142578125]","[-1639.5498046875, -3069.72314453125]",1.2630800816696137,4,139.69967713207006,135.85097961044715,19,22.5
132,0.010000000000000009,100,13700,-2301.121337890625,-2316.238525390625,"[-1630.40625, -2971.83642578125]","[-1659.08642578125, -2973.390625]",1.648485770681873,3,168.24601146951318,93.19352480487356,16,23.2
133,0.010000000000000009,100,13800,-1883.5953369140625,-1916.15869140625,"[-1481.2666015625, -2285.924072265625]","[-1510.8245849609375, -2321.492919921875]",1.6051814034581184,1,138.86245502531528,135.96171944373683,1,22.8
134,0.010000000000000009,100,13900,-2734.68896484375,-2754.4814453125,"[-2020.48876953125, -3448.889404296875]","[-2040.6790771484375, -3468.28369140625]",1.0731561668217182,4,153.61262726783752,125.36669501594207,20,16.4
135,0.010000000000000009,100,14000,-1745.57373046875,-1787.7291259765625,"[-1559.65478515625, -1931.49267578125]","[-1591.239501953125, -1984.21875]",1.4194952718680725,0,127.15240351855755,175.87192952717277,3,23.5
136,0.010000000000000009,100,14100,-2228.744140625,-2258.624267578125,"[-1749.8023681640625, -2707.685791015625]","[-1778.865234375, -2738.38330078125]",1.4309762694174424,2,155.8045474588871,115.19268538367474,0,18.6
137,0.010000000000000009,100,14200,-1714.962890625,-1759.6680908203125,"[-1413.45849609375, -2016.4671630859375]","[-1443.358154296875, -2075.97802734375]",2.071049238438718,0,118.87096447870135,177.96635858402615,2,16.9
138,0.010000000000000009,100,14300,-1756.280029296875,-1777.68798828125,"[-1578.31591796875, -1934.2440185546875]","[-1593.5762939453125, -1961.799560546875]",1.5271199996350333,0,170.47424232959747,113.21769051281052,17,27.1
139,0.010000000000000009,100,14400,-1871.103759765625,-1898.3929443359375,"[-1617.0927734375, -2125.11474609375]","[-1648.776611328125, -2148.00927734375]",1.782014294876717,0,141.51881781220436,144.13345507154185,17,25.3
140,0.010000000000000009,100,14500,-1849.8116455078125,-1896.982421875,"[-1482.923095703125, -2216.7001953125]","[-1506.9290771484375, -2287.03564453125]",2.220845357980579,0,109.77254996355623,185.30620549363533,0,17.6
141,0.010000000000000009,100,14600,-1608.46240234375,-1650.0645751953125,"[-1469.578857421875, -1747.3460693359375]","[-1489.940673828125, -1810.1884765625]",1.4802489407593384,0,131.36245560646057,169.76989428782832,1,18.5
142,0.010000000000000009,100,14700,-1761.7545166015625,-1799.533935546875,"[-1595.1251220703125, -1928.3839111328125]","[-1617.103515625, -1981.96435546875]",1.7898174468427896,0,133.42555457353592,156.31572000682354,3,19.9
143,0.010000000000000009,100,14800,-1757.874755859375,-1802.195068359375,"[-1559.4588623046875, -1956.29052734375]","[-1591.3438720703125, -2013.046142578125]",1.6858988066669554,0,114.89249178767204,182.98292396407453,3,23.0
144,0.010000000000000009,100,14900,-1642.94970703125,-1681.97021484375,"[-1446.8560791015625, -1839.0433349609375]","[-1481.5848388671875, -1882.35546875]",1.8877987941959873,0,105.52982403710485,180.15078902864417,13,18.3
145,0.010000000000000009,100,15000,-1731.1142578125,-1767.8511962890625,"[-1529.474609375, -1932.7540283203125]","[-1558.0494384765625, -1977.6529541015625]",2.051256589475088,0,106.1315928734839,183.9676208496468,19,20.7
146,0.010000000000000009,100,15100,-1567.7637939453125,-1601.644775390625,"[-1343.47021484375, -1792.057373046875]","[-1367.2899169921875, -1835.9996337890625]",2.380654602427967,0,109.71562673617154,176.487861163995,21,15.5
147,0.010000000000000009,100,15200,-1532.454345703125,-1577.0921630859375,"[-1462.72412109375, -1602.1844482421875]","[-1497.269775390625, -1656.91455078125]",2.18981710402295,0,104.22552280733362,204.3702603470762,13,16.2
148,0.010000000000000009,100,15300,-1504.08935546875,-1544.3289794921875,"[-1466.776611328125, -1541.402099609375]","[-1493.3787841796875, -1595.2791748046875]",2.2023575673811138,0,88.8553918376565,198.3128042118804,19,13.9
149,0.010000000000000009,100,15400,-1667.948974609375,-1700.593017578125,"[-1761.7586669921875, -1574.139404296875]","[-1787.5386962890625, -1613.6473388671875]",2.1581955081783235,1,111.39341873675585,176.62503736962103,21,13.4
150,0.010000000000000009,100,15500,-1719.44091796875,-1766.338623046875,"[-1790.0887451171875, -1648.79296875]","[-1824.9346923828125, -1707.7425537109375]",2.334963505389169,1,98.17339654266834,191.73325534164906,2,17.0
151,0.010000000000000009,100,15600,-1777.6092529296875,-1818.83984375,"[-1593.1497802734375, -1962.0687255859375]","[-1628.34130859375, -2009.3382568359375]",2.1244377365801483,1,123.55046339705586,166.17839803206957,2,15.6
152,0.010000000000000009,100,15700,-1597.847412109375,-1643.76220703125,"[-1554.5511474609375, -1641.1436767578125]","[-1591.8231201171875, -1695.7012939453125]",2.378187883645296,0,103.1241856366396,182.35504256561399,1,16.0
153,0.010000000000000009,100,15800,-1565.9619140625,-1608.000732421875,"[-1549.6705322265625, -1582.25341796875]","[-1585.04833984375, -1630.9532470703125]",2.1198481316678226,0,85.98450464010239,189.58600626330698,11,15.1
154,0.010000000000000009,100,15900,-1480.5562744140625,-1528.27685546875,"[-1486.279541015625, -1474.8330078125]","[-1524.3021240234375, -1532.25146484375]",1.9014249299652874,0,95.57801992818713,207.71666642971866,9,14.3
155,0.010000000000000009,100,16000,-1520.7589111328125,-1568.11767578125,"[-1613.0960693359375, -1428.4217529296875]","[-1651.79248046875, -1484.4427490234375]",1.9474351888056844,0,99.27173583954573,195.80591484064897,6,15.1
156,0.010000000000000009,100,16100,-1649.5543212890625,-1694.2835693359375,"[-1869.2044677734375, -1429.9041748046875]","[-1908.500244140625, -1480.06689453125]",2.0066163120791316,1,95.22507103695534,198.99460231249094,8,16.2
157,0.010000000000000009,100,16200,-1461.615478515625,-1499.1494140625,"[-1538.7685546875, -1384.46240234375]","[-1570.3282470703125, -1427.9705810546875]",1.8844619237352163,0,111.48084660619497,162.34582362446247,6,16.7
158,0.010000000000000009,100,16300,-1600.28369140625,-1641.513916015625,"[-1569.583984375, -1630.9835205078125]","[-1600.40869140625, -1682.6192626953125]",1.6415346111170948,1,98.02169644460082,167.54141517450972,1,15.2
159,0.010000000000000009,100,16400,-1426.477783203125,-1466.0240478515625,"[-1509.3287353515625, -1343.626953125]","[-1540.2755126953125, -1391.7725830078125]",1.6983120301738381,0,116.2531817778945,160.9023427302198,2,16.1
160,0.010000000000000009,100,16500,-1430.987060546875,-1463.2371826171875,"[-1489.77001953125, -1372.2042236328125]","[-1511.3228759765625, -1415.1514892578125]",1.6263479120098054,0,125.18391317129135,135.78346448908948,2,16.7
161,0.010000000000000009,100,16600,-1427.59326171875,-1456.515625,"[-1472.23193359375, -1382.95458984375]","[-1496.67529296875, -1416.35595703125]",1.5915733755100518,0,128.90424609556794,117.28563251157425,1,17.4
162,0.010000000000000009,100,16700,-1548.9031982421875,-1586.843994140625,"[-1780.3106689453125, -1317.4957275390625]","[-1808.90380859375, -1364.7841796875]",1.5400117586832494,1,133.73025323450565,148.23710805690348,0,15.2
163,0.010000000000000009,100,16800,-1453.032470703125,-1485.77099609375,"[-1478.5755615234375, -1427.4892578125]","[-1504.3148193359375, -1467.22705078125]",1.3653300201985985,0,145.85964541137218,137.49036648520237,1,22.9
164,0.010000000000000009,100,16900,-1275.03857421875,-1309.9365234375,"[-1483.1395263671875, -1066.9375]","[-1522.8592529296875, -1097.013916015625]",1.4649540432728827,1,124.29426484555006,143.60406360476577,2,10.0
165,0.010000000000000009,100,17000,-1395.5203857421875,-1431.65576171875,"[-1465.9451904296875, -1325.0955810546875]","[-1486.9501953125, -1376.361328125]",1.2692816753406078,0,119.51714303344488,146.91484854706175,1,19.2
166,0.010000000000000009,100,17100,-1268.9256591796875,-1301.267333984375,"[-1242.0684814453125, -1295.7828369140625]","[-1271.79736328125, -1330.7374267578125]",1.5617032465524971,0,157.0737186819315,123.08945369637416,1,8.2
167,0.010000000000000009,100,17200,-1297.7271728515625,-1319.748291015625,"[-1127.2470703125, -1468.207275390625]","[-1157.150634765625, -1482.3460693359375]",1.5125081937294453,1,160.69174399971962,102.77785220510083,6,12.4
168,0.010000000000000009,100,17300,-1484.58251953125,-1505.7435302734375,"[-1485.755615234375, -1483.409423828125]","[-1505.0543212890625, -1506.4327392578125]",1.2583303892752156,0,175.70433115959167,92.45505977344727,3,21.7
169,0.010000000000000009,100,17400,-1616.161376953125,-1640.1419677734375,"[-1793.3665771484375, -1438.9561767578125]","[-1818.27587890625, -1462.008056640625]",1.2718451626133174,1,178.58459815382957,101.98081121804125,1,17.5
170,0.010000000000000009,100,17500,-1376.92041015625,-1404.024658203125,"[-1469.6275634765625, -1284.2132568359375]","[-1498.6776123046875, -1309.371826171875]",1.2788823321461678,0,168.65576860308647,112.98425003791891,0,5.2
171,0.010000000000000009,100,17600,-1379.3018798828125,-1402.7724609375,"[-1147.3165283203125, -1611.2872314453125]","[-1182.6773681640625, -1622.8675537109375]",1.4372076918371022,2,164.27538338303566,92.31605041436868,1,7.7
172,0.010000000000000009,100,17700,-2026.48974609375,-2051.4931640625,"[-1553.198974609375, -2499.780517578125]","[-1582.4765625, -2520.509521484375]",1.4119586066808552,6,170.83434988558292,102.73069417130215,0,9.8
173,0.010000000000000009,100,17800,-1589.875244140625,-1613.7445068359375,"[-1315.516357421875, -1864.2342529296875]","[-1339.4913330078125, -1887.9976806640625]",1.3047009003930725,3,177.99221609532833,95.04213100901713,0,9.0
174,0.010000000000000009,100,17900,-1242.263916015625,-1261.888916015625,"[-1411.6395263671875, -1072.888427734375]","[-1440.56494140625, -1083.2130126953125]",1.6774554931325838,1,166.06363873183727,77.86697699327445,0,8.8
175,0.010000000000000009,100,18000,-1370.934814453125,-1393.162841796875,"[-1253.7646484375, -1488.1048583984375]","[-1276.4788818359375, -1509.8468017578125]",1.4661380853503942,1,168.40890976786613,89.2894480126539,0,9.6
176,0.010000000000000009,100,18100,-1158.32861328125,-1181.44287109375,"[-1097.7550048828125, -1218.9022216796875]","[-1134.52783203125, -1228.3577880859375]",1.9637134249787778,0,176.05909833312035,90.45561132027461,0,6.2
177,0.010000000000000009,100,18200,-1107.3154296875,-1133.531494140625,"[-1370.163818359375, -844.4669799804688]","[-1405.646240234375, -861.4166870117188]",1.2912618345580995,1,160.74970741569996,107.18202250779778,0,5.4
178,0.010000000000000009,100,18300,-1319.64453125,-1346.0830078125,"[-1084.6815185546875, -1554.607666015625]","[-1118.4281005859375, -1573.73779296875]",1.4169778230134398,2,168.7558286935091,107.28006533093127,1,8.1
179,0.010000000000000009,100,18400,-1057.976318359375,-1091.515625,"[-1041.661376953125, -1074.291259765625]","[-1078.09814453125, -1104.93310546875]",1.2683054867666215,1,133.15086264163256,136.59348721520226,0,8.7
180,0.010000000000000009,100,18500,-962.4678955078125,-997.4832763671875,"[-1108.966552734375, -815.9691772460938]","[-1142.0775146484375, -852.8889770507812]",1.2354709651554003,0,127.16187515854836,138.7432344304578,0,8.5
181,0.010000000000000009,100,18600,-1130.54052734375,-1170.483642578125,"[-1380.11083984375, -880.97021484375]","[-1421.55126953125, -919.4161376953125]",1.0941618655342609,1,117.13049687352031,158.80712999019656,1,7.9
182,0.010000000000000009,100,18700,-1072.719482421875,-1102.6781005859375,"[-1016.807373046875, -1128.6314697265625]","[-1057.1722412109375, -1148.1839599609375]",1.1404776583658531,1,148.37592083960772,121.1831294161561,1,6.8
183,0.010000000000000009,100,18800,-975.1095581054688,-1006.1672973632812,"[-1027.16845703125, -923.0506591796875]","[-1060.8828125, -951.4517822265625]",1.1348377481335774,0,141.81355169042945,132.628809790187,3,6.1
184,0.010000000000000009,100,18900,-1060.84716796875,-1089.9710693359375,"[-1041.164794921875, -1080.5296630859375]","[-1063.419677734375, -1116.5224609375]",1.2017889419803396,1,136.55579487606883,120.14451556074181,2,8.0
185,0.010000000000000009,100,19000,-1301.5770263671875,-1334.29833984375,"[-1419.5751953125, -1183.578857421875]","[-1458.162353515625, -1210.4342041015625]",1.1143085736548528,2,137.42255505919456,133.3552719837788,0,7.8
186,0.010000000000000009,100,19100,-1073.45361328125,-1111.6444091796875,"[-1048.3455810546875, -1098.5615234375]","[-1096.036376953125, -1127.25244140625]",1.119813344324939,1,124.76088357716799,152.27726640315052,0,6.1
187,0.010000000000000009,100,19200,-1544.7025146484375,-1582.173583984375,"[-1038.507080078125, -2050.89794921875]","[-1089.175537109375, -2075.171630859375]",1.1440099002793431,4,136.6383259817958,150.6632561403489,0,8.6
188,0.010000000000000009,100,19300,-1089.9588623046875,-1136.807373046875,"[-1033.8585205078125, -1146.0592041015625]","[-1089.18017578125, -1184.4344482421875]",1.0566358872456476,1,102.63710155338049,186.9329785367266,0,5.3
189,0.010000000000000009,100,19400,-1198.7947998046875,-1236.21044921875,"[-1119.1365966796875, -1278.4530029296875]","[-1167.7938232421875, -1304.627197265625]",1.1991782459663227,1,143.86546038091183,148.30672791286128,1,7.5
190,0.010000000000000009,100,19500,-1111.07666015625,-1149.9888916015625,"[-1359.331787109375, -862.8215942382812]","[-1404.4061279296875, -895.5716552734375]",1.1011069560190663,1,129.66982029750943,157.03558385164555,1,8.4
191,0.010000000000000009,100,19600,-928.276611328125,-976.1607666015625,"[-1049.029541015625, -807.5237426757812]","[-1097.27197265625, -855.0494995117188]",1.2179069932317361,0,111.7189015885815,190.65248891723726,0,6.1
192,0.010000000000000009,100,19700,-941.701416015625,-987.5261840820312,"[-1077.3687744140625, -806.0340576171875]","[-1130.8564453125, -844.1959228515625]",1.305606126319617,0,116.72826668992639,182.3734436146915,0,5.7
193,0.010000000000000009,100,19800,-1273.2177734375,-1314.94140625,"[-1147.3326416015625, -1399.10302734375]","[-1202.6197509765625, -1427.262939453125]",1.4892704128287733,2,128.49348424375057,165.29610208963027,0,5.7
194,0.010000000000000009,100,19900,-926.5643920898438,-975.228271484375,"[-1093.928955078125, -759.1998291015625]","[-1151.860595703125, -798.595947265625]",1.4474571191240102,0,117.03081559762359,190.99763336808314,0,7.8
195,0.010000000000000009,100,20000,-978.9893188476562,-1023.2054443359375,"[-1145.59326171875, -812.3853759765625]","[-1193.7657470703125, -852.6452026367188]",1.3935574514325708,0,116.71484600007534,177.2401836961091,0,4.5
196,0.010000000000000009,100,20100,-1106.0263671875,-1144.8388671875,"[-1428.80810546875, -783.2445678710938]","[-1479.14208984375, -810.5357666015625]",1.5029044968541712,1,131.9007892012596,154.01180461339152,1,7.9
197,0.010000000000000009,100,20200,-1123.0262451171875,-1158.19384765625,"[-1134.4207763671875, -1111.6317138671875]","[-1183.385498046875, -1133.0023193359375]",1.6453043908113614,1,149.1985055655241,138.97036379449338,0,4.8
198,0.010000000000000009,100,20300,-1711.11572265625,-1742.588134765625,"[-1149.7803955078125, -2272.450927734375]","[-1193.2435302734375, -2291.932861328125]",1.6848630490712821,5,154.7198742032051,125.37579707766511,0,4.4
199,0.010000000000000009,100,20400,-1104.791259765625,-1146.503662109375,"[-1174.646484375, -1034.93603515625]","[-1225.1373291015625, -1067.8701171875]",1.612765226745978,1,138.26497066020966,166.93587054244523,0,5.0
200,0.010000000000000009,100,20500,-926.1784057617188,-969.185546875,"[-1078.466552734375, -773.8902587890625]","[-1127.590087890625, -810.7810668945312]",1.5763133531436324,0,129.24135983735323,171.1884801766202,0,6.3
